condition,artifact_kind,n_explanations,n_claims,hallucination_rate,ci_lo,ci_hi,support_rate,unsupported_mechanism_rate,artifact_misread_share
image_only,none,24,172,0.5486111111111112,0.44774305555555555,0.6425347222222221,0.4513888888888889,0.16279069767441862,
image_only,pbc_split,24,168,0.524822695035461,0.4056268996960486,0.6263514540480292,0.475177304964539,0.16071428571428573,0.5416666666666666
image_only,rigid_jitter,24,168,0.625,0.5657986111111111,0.6805555555555556,0.375,0.14285714285714285,1.0
image_only,shuffle_frames,24,173,0.5928571428571429,0.5,0.683479183927092,0.40714285714285714,0.1907514450867052,0.9166666666666666
qc_gated,none,24,169,0.0763888888888889,0.024131944444444445,0.13559027777777763,0.9236111111111112,0.14792899408284024,
qc_gated,pbc_split,24,136,0.09090909090909091,0.04132231404958678,0.15368801652892547,0.9090909090909091,0.11029411764705882,0.041666666666666664
qc_gated,rigid_jitter,24,174,0.375,0.3472222222222222,0.4097222222222222,0.625,0.1724137931034483,1.0
qc_gated,shuffle_frames,24,123,0.16981132075471697,0.0938186274509804,0.24107142857142858,0.8301886792452831,0.13821138211382114,0.20833333333333334
table_only,none,24,172,0.19444444444444445,0.10416666666666667,0.3125,0.8055555555555556,0.16279069767441862,
table_only,pbc_split,24,166,0.3357142857142857,0.22643884892086333,0.4484840425531914,0.6642857142857143,0.1566265060240964,0.6666666666666666
table_only,rigid_jitter,24,173,0.4722222222222222,0.4027777777777778,0.5625,0.5277777777777778,0.1676300578034682,1.0
table_only,shuffle_frames,24,165,0.4785714285714286,0.4027777777777778,0.5775347222222221,0.5214285714285715,0.15151515151515152,0.9166666666666666
tool_agent,none,24,173,0.06944444444444445,0.024131944444444445,0.125,0.9305555555555556,0.1676300578034682,
tool_agent,pbc_split,24,160,0.16296296296296298,0.10644517696044414,0.22226490236382318,0.837037037037037,0.15625,0.5833333333333334
tool_agent,rigid_jitter,24,171,0.375,0.3402777777777778,0.4097222222222222,0.625,0.15789473684210525,1.0
tool_agent,shuffle_frames,24,154,0.2857142857142857,0.210010593220339,0.35945054945054933,0.7142857142857143,0.18181818181818182,0.625
