explanation_id,condition,artifact,seed,claim_id,kind,payload,label,detail,claim_text
38,table_only,none,0,rmsf_max,numeric,"{""quantity"": null, ""value"": 5.8}",unverifiable,unknown quantity None or missing value,The highest increase in RMSD is observed between frames 36-40 and then gradually increases until it stabilizes at over 5.8 units.
38,table_only,none,0,rmsf_mean,numeric,"{""quantity"": null, ""value"": 5.8}",unverifiable,unknown quantity None or missing value,The highest increase in RMSD is observed between frames 36-40 and then gradually increases until it stabilizes at over 5.8 units.
38,table_only,none,0,rmsf_max,numeric,"{""quantity"": null, ""value"": 5.8}",unverifiable,unknown quantity None or missing value,The highest increase in RMSD is observed between frames 36-40 and then gradually increases until it stabilizes at over 5.8 units.
38,table_only,none,0,peak_rmsf_126,causal,"{""evidence"": [""analysis of local flexibility""]}",unverifiable,causal claim cites evidence; needs human review,"The peak in RMSF at residue 126 suggests a localized, possibly transient, area of increased flexibility."
39,table_only,none,1,1,causal,"{""evidence"": []}",unsupported_mechanism,causal claim with no cited computed evidence,"The provided data does not directly show any structural stability or flexibility of the protein throughout the trajectory since it only presents RMSD (Root Mean Square Deviation) and RMSF (Root Mean Square Fluctuation) values for backbone atoms and Cα atoms, respectively."
39,table_only,none,1,2,numeric,"{""quantity"": ""rmsd_max"", ""value"": 6.83}",supported,"rmsd_max: claimed 6.83, computed 6.85, tolerance 0.685",The backbone RMSD plot indicates increasing deviations from an initial value of 0 at frame 0 up to a maximum deviation of about 6.83 Angstroms at frame 96.
39,table_only,none,1,3,numeric,"{""quantity"": ""rmsf_mean"", ""value"": 1.79}",supported,"rmsf_mean: claimed 1.79, computed 1.91, tolerance 0.191","The CA RMSF plot shows that residues with lower RMSF values (i.e., less fluctuation) are mainly in the range of 0.52 to 1.79 Angstroms, suggesting regions where the protein does not undergo significant conformational changes."
39,table_only,none,1,4,numeric,"{""quantity"": ""rmsf_mean"", ""value"": 0.52}",contradicted,"rmsf_mean: claimed 0.52, computed 1.91, tolerance 0.191","The CA RMSF plot shows that residues with lower RMSF values (i.e., less fluctuation) are mainly in the range of 0.52 to 1.79 Angstroms, suggesting regions where the protein does not undergo significant conformational changes."
39,table_only,none,1,5,numeric,"{""quantity"": ""rmsf_max"", ""value"": 4.44}",contradicted,"rmsf_max: claimed 4.44, computed 5.74, tolerance 0.574","There are also several outliers, such as residue 126 at frame 126 showing an extremely high fluctuation value of 4.44 Angstroms, which might represent some events or structural changes in that region during this simulation."
39,table_only,none,1,6,causal,"{""evidence"": []}",unsupported_mechanism,causal claim with no cited computed evidence,"Without additional context about what these frames represent (e.g., time steps, initialization states), it's not possible to definitively attribute such fluctuations to specific events or initial conditions."
40,table_only,none,2,rmsd_mean,numeric,"{""quantity"": ""rmsd_mean"", ""value"": 6.82}",contradicted,"rmsd_mean: claimed 6.82, computed 4.39, tolerance 0.439",The provided data shows that the protein's backbone RMSD (residue back bone) increases from 0 to approximately 6.82 Angstroms over a trajectory of 98 frames.
40,table_only,none,2,rmsf_max,numeric,"{""quantity"": ""rmsf_max"", ""value"": 4.5}",contradicted,"rmsf_max: claimed 4.5, computed 5.74, tolerance 0.574","The highest values are observed for residues with higher indices like 126 and 131 which have RMSF values close to 4 A and 4.5 A respectively, indicating substantial flexibility at these positions."
40,table_only,none,2,rg_mean,numeric,"{""quantity"": ""rg_mean"", ""value"": 18.27}",supported,"rg_mean: claimed 18.3, computed 18.3, tolerance 1.83","The Rg mean value of 18.27 Angstroms and standard deviation of 1.02 Angstroms suggest that over the course of the simulation, the protein's radius of gyration increases slightly."
41,table_only,none,3,ranking-rmsf,ranking,"{""quantity"": ""rmsf"", ""direction"": ""lowest"", ""k"": 2, ""residues"": [1, 6]}",contradicted,"1/2 claimed residues in computed top-2 [108, 6] (need 60%, window 0)","The residue-specific CA_RMSF_A values (which indicate flexibility based on Cα atoms) show significant variability across different residues, with some relatively stable regions like residues 1 and 6 around frame 40 showing an RmsD value of about 0.44 A and 0.94 A respectively."
41,table_only,none,3,causal,causal,"{""evidence"": [""conformational changes"", ""interactions with solvent/membrane""]}",unverifiable,causal claim cites evidence; needs human review,"This trajectory suggests that certain regions are more stable (as indicated by lower RMSD values), while other regions show significant flexibility or movement over time, particularly around frames 80-98 and 91-96, which could indicate events like conformational changes or interactions with solvent/membrane."
42,table_only,none,4,numeric-rmsd_max,numeric,"{""quantity"": ""rmsd_max"", ""value"": 6.82}",supported,"rmsd_max: claimed 6.82, computed 6.85, tolerance 0.685","The analysis shows that the protein's backbone RmsD (backbone_RMSD_A) increases significantly from frame 0 to frame 98, reaching a maximum of 6.82 Å at frame 98."
42,table_only,none,4,ranking-rmsf_mean,ranking,"{""quantity"": ""rmsf"", ""direction"": ""lowest"", ""k"": 1, ""residues"": [136]}",contradicted,"0/1 claimed residues in computed top-1 [108] (need 60%, window 0)","In this dataset, residues around 136 (with a value of 1.72) appear to be more rigid compared to other regions which show higher flexibility, particularly the region starting from residue 46 (up to residue 156)."
42,table_only,none,4,ranking-rmsf_max,ranking,"{""quantity"": ""rmsf"", ""direction"": ""highest"", ""k"": 1, ""residues"": [46, 156]}",contradicted,"0/2 claimed residues in computed top-1 [149] (need 60%, window 0)","In this dataset, residues around 136 (with a value of 1.72) appear to be more rigid compared to other regions which show higher flexibility, particularly the region starting from residue 46 (up to residue 156)."
42,table_only,none,4,temporal-rmsd_peak,temporal,"{""event"": ""rmsd_peak"", ""frame"": 98, ""physical"": true}",contradicted,"rmsd_peak: claimed frame 98, computed 90, window 5","The analysis shows that the protein's backbone RmsD (backbone_RMSD_A) increases significantly from frame 0 to frame 98, reaching a maximum of 6.82 Å at frame 98."
42,table_only,none,4,causal,causal,"{""evidence"": []}",unsupported_mechanism,causal claim with no cited computed evidence,"In summary, this data supports a scenario where there is no clear indication of significant structural stability throughout the trajectory and indicates flexible regions predominantly concentrated around residues 136-156, with possibly other rigid regions."
43,tool_agent,none,0,1,numeric,"{""quantity"": ""rmsd_max"", ""value"": 0.465}",contradicted,"rmsd_max: claimed 0.465, computed 6.85, tolerance 0.685","The frame-to-frame RMSD analysis does not show any significant discontinuities or large jumps in atomic positions, indicating a relatively stable structure over time. The maximum difference observed is at frame 8 with an RMSD of approximately 0.465 Angstroms."
43,tool_agent,none,0,3,causal,{},unsupported_mechanism,causal claim with no cited computed evidence,"Unfortunately, no CA RMSF per residue data is provided."
45,tool_agent,none,2,4,numeric,"{""quantity"": null, ""value"": 2.5}",unverifiable,unknown quantity None or missing value,Highly Flexible Regions: Residues with RMSF values greater than about 2.5 (such as those near residues 168-174 and others) show relatively high flexibility throughout the trajectory.
45,tool_agent,none,2,5,numeric,"{""quantity"": null, ""value"": 1.0}",unverifiable,unknown quantity None or missing value,"Moderately Flexible Regions: Many regions have RMSF values between 1.0 and 2.5, suggesting moderate flexibility but not extreme mobility."
47,tool_agent,none,4,rmsf_residue_56,numeric,"{""quantity"": ""rmsf_mean"", ""value"": 3.94}",contradicted,"rmsf_mean: claimed 3.94, computed 1.91, tolerance 0.191",Residue 56 has a persistent RMSF value of approximately 3.94 Å.
47,tool_agent,none,4,rmsf_residues_10_and_12,numeric,"{""quantity"": ""rmsf_max"", ""value"": 4}",contradicted,"rmsf_max: claimed 4, computed 5.74, tolerance 0.574","Residues 10 and 12 have RMSF values over 4 Å at some points during the trajectory, indicating very high flexibility in these regions."
47,tool_agent,none,4,low_rmsf_regions,numeric,"{""quantity"": ""rmsf_mean"", ""value"": 1.5}",contradicted,"rmsf_mean: claimed 1.5, computed 1.91, tolerance 0.191",Regions with consistently low RMSF values (below 1.5 Å) suggest more stable parts of the protein structure.
48,qc_gated,none,0,additional_data_needed,causal,"{""evidence"": []}",unsupported_mechanism,causal claim with no cited computed evidence,No further analysis can be provided without more specific tools for these measurements.
49,qc_gated,none,1,causal,causal,{},unsupported_mechanism,causal claim with no cited computed evidence,"For a detailed analysis of flexible regions and any specific events or issues, further information such as contact maps, hydrogen bond patterns, or other structural analyses would be needed beyond just RMSD data alone."
50,qc_gated,none,2,1,temporal,"{""event"": ""rmsd_plateau"", ""frame"": 60}",supported,"rmsd_plateau: claimed frame 60, computed 60, window 5",The trajectory exhibits a late or no plateau in RMSD at frame 60 of the total 98 frames analyzed.
50,qc_gated,none,2,3,causal,"{""evidence"": []}",unsupported_mechanism,causal claim with no cited computed evidence,The CA RMSF analysis (if available) would provide insights into which regions are more flexible.
50,qc_gated,none,2,6,causal,"{""evidence"": []}",unsupported_mechanism,causal claim with no cited computed evidence,"However, some localized or transient motions cannot be ruled out due to the late plateau issue."
51,qc_gated,none,3,1,temporal,"{""event"": ""rmsd_plateau"", ""frame"": 60}",supported,"rmsd_plateau: claimed frame 60, computed 60, window 5","The trajectory shows a late or no plateau in RMSD at frame 60 of 98, indicating that the early frames are not equilibrated and need further analysis for proper structural stability assessment."
51,qc_gated,none,3,2,causal,"{""evidence"": []}",unsupported_mechanism,causal claim with no cited computed evidence,The RMSD does not suggest immediate flexibility issues as it remains relatively stable over time.
51,qc_gated,none,3,5,causal,"{""evidence"": []}",unsupported_mechanism,causal claim with no cited computed evidence,Additional functions for RMSF per residue and persistent contacts might be required to analyze CA-CA contact persistence above a certain threshold.
52,qc_gated,none,4,rmsf_0-60,causal,"{""evidence"": []}",unsupported_mechanism,causal claim with no cited computed evidence,The CA RMSF per residue analysis is needed to understand which regions might be more flexible.
52,qc_gated,none,4,flexible_regions_61-onwards,causal,"{""evidence"": []}",unsupported_mechanism,causal claim with no cited computed evidence,Determining which parts of the protein are more flexible would require additional analysis tools like CA RMSF.
53,table_only,pbc_split,0,rmsf_max,numeric,"{""quantity"": ""rmsf_max"", ""value"": 4.03}",contradicted,"rmsf_max: claimed 4.03, computed 10.7, tolerance 1.07",Residues such as 66 and 136 have the lowest CA RMSF (4.03 and 4.03 respectively) indicating these regions maintain a consistent structure throughout the trajectory.
53,table_only,pbc_split,0,causal,causal,{},unsupported_mechanism,causal claim with no cited computed evidence,The sudden increase around frame 90 could represent a significant change such as the protein exiting its native state.
54,table_only,pbc_split,1,rmsd_mean,causal,{},unsupported_mechanism,causal claim with no cited computed evidence,The provided data does not support clear evidence of structural stability in the protein's trajectory.
54,table_only,pbc_split,1,residue_136_rmsf_drop,numeric,"{""quantity"": ""rmsd_mean"", ""value"": 4.03}",contradicted,"rmsd_mean: claimed 4.03, computed 5.4, tolerance 0.54","The data also shows a significant drop (to 4.03) at residue 136, which could indicate an abrupt change or event affecting these regions."
54,table_only,pbc_split,1,residue_136_rmsf_drop,numeric,"{""quantity"": ""rmsd_mean"", ""value"": 4.03}",contradicted,"rmsd_mean: claimed 4.03, computed 5.4, tolerance 0.54","The data also shows a significant drop (to 4.03) at residue 136, which could indicate an abrupt change or event affecting these regions."
55,table_only,pbc_split,2,1,temporal,"{""event"": ""rmsd_peak"", ""frame"": 94, ""physical"": true}",contradicted,"rmsd_peak: claimed frame 94, computed 32, window 5","The provided trajectory data suggests that the protein's backbone flexibility increases significantly around frame 94 (backbone_RMSD_A = 6.80), indicating a possible unfolding or significant structural instability event."
55,table_only,pbc_split,2,2,numeric,"{""quantity"": ""rmsf_max"", ""value"": 6.46}",contradicted,"rmsf_max: claimed 6.46, computed 10.7, tolerance 1.07","Around this point, the RMSF values of specific residues also show unusual fluctuations (for example, residue 126 has a high RMSF value of 6.46 at frame 98)."
55,table_only,pbc_split,2,3,causal,"{""evidence"": []}",unsupported_mechanism,causal claim with no cited computed evidence,"The analysis does not support any specific flexible regions defined by residues, as they do not show consistent high RMSF values throughout the trajectory."
57,table_only,pbc_split,4,rmsd_peak_96_to_126,numeric,"{""quantity"": ""rmsd_max"", ""value"": 5.83}",contradicted,"rmsd_max: claimed 5.83, computed 36.1, tolerance 3.61","The analysis shows that the protein's structure becomes increasingly unstable as indicated by a rapid rise in backbone RMSD after frame 96, reaching values above 5.83 Å (frame 126)"
59,tool_agent,pbc_split,1,5,causal,"{""evidence"": []}",unsupported_mechanism,causal claim with no cited computed evidence,The presence or absence of persistent hydrogen bonds can provide insights into potential events like folding/unfolding transitions.
59,tool_agent,pbc_split,1,6,causal,"{""evidence"": []}",unsupported_mechanism,causal claim with no cited computed evidence,"The data on hydrogen bonds is not provided in this response. Without specific information about how many and which residues form stable hydrogen bonds over time, it's challenging to draw conclusions regarding any particular events."
60,tool_agent,pbc_split,2,rmsd_peak_frame_26,temporal,"{""event"": ""rmsd_peak"", ""frame"": 26}",artifact_misread,"claimed event at frame 26 lies in artifact frames (residues 1-60 shifted by 80.0 A along axis 0 in frames [30, 31, 32])","- There is a sharp increase in RMSD around frame number 26 and thereafter, suggesting an abrupt change or disruption in the protein's conformation."
60,tool_agent,pbc_split,2,structural_compromise_25-27,causal,"{""evidence"": []}",unsupported_mechanism,causal claim with no cited computed evidence,- The structural stability might be compromised between frames 25-27 due to the sudden increase in RMSD.
61,tool_agent,pbc_split,3,0,numeric,"{""quantity"": ""rmsd_mean"", ""value"": 0.466}",contradicted,"rmsd_mean: claimed 0.466, computed 5.4, tolerance 0.54","At frame 0 (index 0), the structure is very close to a reference state with an RMSD of 0.466 Å."
61,tool_agent,pbc_split,3,1,numeric,"{""quantity"": ""rmsd_max"", ""value"": 0.82}",contradicted,"rmsd_max: claimed 0.82, computed 36.1, tolerance 3.61","From frames 1 to 3, there are substantial deviations from this initial state with RMSDs ranging up to approximately 0.82 Å at frame 3."
61,tool_agent,pbc_split,3,2,numeric,"{""quantity"": ""rmsd_max"", ""value"": 5.97}",contradicted,"rmsd_max: claimed 5.97, computed 36.1, tolerance 3.61","Frames 4 and beyond exhibit even more drastic changes in structure, reaching values as high as 5.97 Å at frame 61."
62,tool_agent,pbc_split,4,temporal_rmsd_peak,causal,"{""evidence"": []}",unsupported_mechanism,causal claim with no cited computed evidence,These could be regions undergoing significant conformational changes or unfolding events.
64,qc_gated,pbc_split,1,4,causal,"{""evidence"": []}",unsupported_mechanism,causal claim with no cited computed evidence,Persistent contacts are observed between specific pairs of residues.
65,qc_gated,pbc_split,2,30,temporal,"{""event"": ""rmsd_plateau"", ""frame"": 30}",artifact_misread,"claimed event at frame 30 lies in artifact frames (residues 1-60 shifted by 80.0 A along axis 0 in frames [30, 31, 32])",Frame discontinuities between frames 30 and 33 indicate sudden changes in structure that need further investigation.
65,qc_gated,pbc_split,2,structural_issues,causal,{},unsupported_mechanism,causal claim with no cited computed evidence,There are critical frames with broken_backbone (frames 30-32) where the data is not physically meaningful.
66,qc_gated,pbc_split,3,2,numeric,"{""quantity"": ""rmsd_mean"", ""value"": 0.46}",contradicted,"rmsd_mean: claimed 0.46, computed 5.4, tolerance 0.54","The RMSD per frame to a reference frame shows fluctuations around the average value (around 0.46 Angstroms). This suggests that, overall, the structure does not show significant structural changes over time."
66,qc_gated,pbc_split,3,5,causal,"{""evidence"": [""persistent hydrogen bond interactions""]}",unverifiable,causal claim cites evidence; needs human review,The presence of persistent hydrogen bonds also indicates stable interactions that might help identify some rigid segments within the protein structure.
66,qc_gated,pbc_split,3,6,numeric,"{""quantity"": ""hbond_mean_count"", ""value"": 502}",contradicted,"hbond_mean_count: claimed 502, computed 110, tolerance 11","There are 502 pairs of residues with hydrogen bond interactions, which is a significant number. This implies frequent and stable interactions in these pairs."
66,qc_gated,pbc_split,3,7,numeric,"{""quantity"": ""hbond_mean_count"", ""value"": 81}",contradicted,"hbond_mean_count: claimed 81, computed 110, tolerance 11",The contacts count per frame (81 persistent pairs over 50% occupancy) suggests that there were relatively few stable interactions above a certain threshold.
66,qc_gated,pbc_split,3,9,causal,"{""evidence"": [""persistent hydrogen bond interactions""]}",unverifiable,causal claim cites evidence; needs human review,The presence of persistent hydrogen bonds indicates strong interactions that might be important for maintaining protein structure but do not provide information about rigid or flexible segments beyond what is inferred from changes in RMSD and RMSF.
67,qc_gated,pbc_split,4,1,causal,{},unsupported_mechanism,causal claim with no cited computed evidence,- The analysis shows the following:
67,qc_gated,pbc_split,4,4,causal,"{""evidence"": [""persistent hydrogen bond pairs""]}",unverifiable,causal claim cites evidence; needs human review,"- Events Detected: There were events detected where hydrogen bonds changed significantly from one frame to another, as indicated by persistent pairs above an occupancy threshold of 50%. This highlights regions that are involved in transient interactions."
67,qc_gated,pbc_split,4,5,temporal,"{""event"": ""rmsd_peak"", ""frame"": 34.864, ""physical"": true}",artifact_misread,"claimed event at frame 34.864 lies in artifact frames (residues 1-60 shifted by 80.0 A along axis 0 in frames [30, 31, 32])",- Specific Frames: The significant changes occurred in frame 34.864 and onwards.
67,qc_gated,pbc_split,4,6,causal,"{""evidence"": [""persistent hydrogen bond pairs""]}",unverifiable,causal claim cites evidence; needs human review,"- Summary: The analysis points towards a largely stable protein structure with some flexible regions, particularly evident from the CA RMSF data starting around frame 34.864. There are also detected hydrogen bonds that persist above an occupancy threshold of 50%, indicating their importance in maintaining specific interactions within the trajectory."
68,table_only,shuffle_frames,0,rmsd_peak,temporal,"{""event"": ""rmsd_peak"", ""frame"": 48}",artifact_misread,time-ordered claim on a trajectory whose frame order was shuffled,"Events observed in this trajectory may include transitions from more rigid regions (e.g., frame 48, where RMSD is 5.08 Å) to highly flexible or mobile segments (e.g., frames 36-38 and 86, with RMSF_A values of 6.70 Å)."
68,table_only,shuffle_frames,0,causal,causal,"{""evidence"": [""structural flexibility"", ""dynamic biological systems""]}",unverifiable,causal claim cites evidence; needs human review,"These observations support structural flexibility in certain regions of the protein over others, which is common in dynamic biological systems. The analysis indicates that some parts of the protein remain fairly stable (RMSD < 5 Å), while other segments undergo significant changes (RMSF_A > 2.0 Å)."
69,table_only,shuffle_frames,1,rmsd_peak,temporal,"{""event"": ""rmsd_peak"", ""frame"": 84}",artifact_misread,time-ordered claim on a trajectory whose frame order was shuffled,"The RMSD analysis shows a peak at frame 84 where the RMSD is relatively low at approximately 0.47 Å, indicating a stable structure around this point."
69,table_only,shuffle_frames,1,rmsf_max,numeric,"{""quantity"": ""rmsf_max"", ""value"": 4}",supported,"rmsf_max: claimed 6, computed 5.77, tolerance 0.577","residues 131, 146, and 156 show high flexibility with RMSF values over 4 Å."
69,table_only,shuffle_frames,1,rmsf_max,numeric,"{""quantity"": ""rmsf_max"", ""value"": 6}",supported,"rmsf_max: claimed 6, computed 5.77, tolerance 0.577","However, other regions show higher fluctuations, such as frames 86 and 88 where RMSD values exceed 6 Å, suggesting significant structural changes."
69,table_only,shuffle_frames,1,hbond_mean_count,causal,"{""evidence"": []}",unsupported_mechanism,causal claim with no cited computed evidence,"The overall trajectory shows that the protein has flexible regions, particularly in higher-numbered residues, indicating potential movement or conformational changes within these areas."
70,table_only,shuffle_frames,2,rmsd_mean,numeric,"{""quantity"": ""rmsd_mean"", ""value"": 0.0}",contradicted,"rmsd_mean: claimed 0, computed 2.87, tolerance 0.287",The RMSD is also at its lowest value of 0.00 in the initial frame (frame 0).
70,table_only,shuffle_frames,2,rg_mean,numeric,"{""quantity"": ""rg_mean"", ""value"": 18.27}",supported,"rg_mean: claimed 18.3, computed 18.3, tolerance 1.83","The calculated Rg mean (18.27 A) with a standard deviation of 1.02 A over 98 frames suggests that while there are fluctuations in the protein's overall size, these do not significantly affect its core structure but can be indicative of minor conformational changes or unfolding events."
70,table_only,shuffle_frames,2,rg_std,numeric,"{""quantity"": ""rg_std"", ""value"": 1.02}",supported,"rg_std: claimed 1.02, computed 1.02, tolerance 0.102","The calculated Rg mean (18.27 A) with a standard deviation of 1.02 A over 98 frames suggests that while there are fluctuations in the protein's overall size, these do not significantly affect its core structure but can be indicative of minor conformational changes or unfolding events."
72,table_only,shuffle_frames,4,numeric_quantity,numeric,"{""quantity"": ""rmsd_mean"", ""value"": 6.05}",contradicted,"rmsd_mean: claimed 6.05, computed 2.87, tolerance 0.287",an initial high RMSD of approximately 6.05 at frame 86 decreasing to around 0.40 by frame 98
73,tool_agent,shuffle_frames,0,4,causal,{},unsupported_mechanism,causal claim with no cited computed evidence,No clear indication of unfolding events based on frame-to-frame RMSD.
74,tool_agent,shuffle_frames,1,3,causal,{},unsupported_mechanism,causal claim with no cited computed evidence,Residues with high RMSF might be involved in dynamic processes such as enzymatic activities or ligand binding.
74,tool_agent,shuffle_frames,1,4,causal,{},unsupported_mechanism,causal claim with no cited computed evidence,Regions with low RMSF could represent relatively rigid parts like the core of a helix or beta-sheet.
74,tool_agent,shuffle_frames,1,6,causal,{},unsupported_mechanism,causal claim with no cited computed evidence,This absence suggests that there are no notable interactions forming between residues that maintain their integrity over time.
75,tool_agent,shuffle_frames,2,4,causal,"{""evidence"": []}",unsupported_mechanism,causal claim with no cited computed evidence,"Residue Flexibility Factor (CA RMSF): This would give us insight into which parts of the protein are more flexible. However, this information is not provided directly by the current set of tools."
75,tool_agent,shuffle_frames,2,5,causal,"{""evidence"": []}",unsupported_mechanism,causal claim with no cited computed evidence,"Given these observations and the absence of significant discontinuities in frame-to-frame RMSD values, we can conclude that the protein appears to be structurally stable throughout the trajectory."
75,tool_agent,shuffle_frames,2,6,causal,"{""evidence"": []}",unsupported_mechanism,causal claim with no cited computed evidence,There doesn't seem to be evidence for large-scale conformational changes or major flexibility events based on the provided data.
76,tool_agent,shuffle_frames,3,causal-no_dramatic_events,causal,"{""evidence"": []}",unsupported_mechanism,causal claim with no cited computed evidence,The data focuses more on local structural changes rather than global events. The contacts and hydrogen bond information is used to identify persistent interactions.
77,tool_agent,shuffle_frames,4,flexible_regions,numeric,"{""quantity"": ""rmsf_max"", ""value"": 5}",contradicted,"rmsf_max: claimed 5, computed 5.77, tolerance 0.577",There are also several regions showing higher flexibility with RMSF values ranging from approximately 0.6 to over 5 Å.
77,tool_agent,shuffle_frames,4,stable_regions,causal,{},unsupported_mechanism,causal claim with no cited computed evidence,These indicate parts of the protein that maintain their conformation fairly well over time.
78,qc_gated,shuffle_frames,0,frame_97,temporal,"{""event"": ""rmsd_peak"", ""frame"": 97}",artifact_misread,time-ordered claim on a trajectory whose frame order was shuffled,"The trajectory stabilizes around frame 97, suggesting significant structural rearrangements have stabilized by this point."
78,qc_gated,shuffle_frames,0,residue_pairs_0_23,causal,"{""evidence"": [""persistent contacts data""]}",unverifiable,causal claim cites evidence; needs human review,"Residue pairs like (0, 23) indicate interactions between specific residues that are maintained over multiple frames, suggesting these regions likely contribute to maintaining a stable structure."
78,qc_gated,shuffle_frames,0,residue_pairs_17_21,causal,"{""evidence"": [""persistent contacts data""]}",unverifiable,causal claim cites evidence; needs human review,"Residue pairs like (17, 21) indicate interactions between specific residues that are maintained over multiple frames, suggesting these regions likely contribute to maintaining a stable structure."
78,qc_gated,shuffle_frames,0,residue_pairs_64_91,causal,"{""evidence"": [""persistent contacts data""]}",unverifiable,causal claim cites evidence; needs human review,"Residue pairs like (64, 91) indicate interactions between specific residues that are maintained over multiple frames, suggesting these regions likely contribute to maintaining a stable structure."
79,qc_gated,shuffle_frames,1,1,temporal,"{""event"": ""rmsd_peak"", ""frame"": 97}",artifact_misread,time-ordered claim on a trajectory whose frame order was shuffled,"The provided data using the `frame_to_frame_rmsd` function shows a significant increase in RMSD between consecutive frames starting from frame 97 of 98, indicating that the system is not fully equilibrated by the beginning of the trajectory."
79,qc_gated,shuffle_frames,1,2,numeric,"{""quantity"": ""rmsd_max"", ""value"": 1}",contradicted,"rmsd_max: claimed 1, computed 6.7, tolerance 0.67","The high values observed (RMSD >1 Angstrom) suggest substantial structural changes occurring early in the simulation, which could be indicative of instability or non-equilibrium conditions rather than equilibrium dynamics."
80,qc_gated,shuffle_frames,2,rmsf_max_1.322,numeric,"{""quantity"": ""rmsf_max"", ""value"": 1.322}",contradicted,"rmsf_max: claimed 1.32, computed 5.77, tolerance 0.577","Residues 98 have relatively high RMSF at 1.322 Angstroms respectively, suggesting these residues might be flexible."
80,qc_gated,shuffle_frames,2,rmsf_max_0.657,numeric,"{""quantity"": ""rmsf_max"", ""value"": 0.657}",contradicted,"rmsf_max: claimed 0.657, computed 5.77, tolerance 0.577","Residues 675 have relatively high RMSF at 0.657 Angstroms respectively, suggesting these residues might be flexible."
80,qc_gated,shuffle_frames,2,rmsd_mean_1_to_36,numeric,"{""quantity"": ""rmsd_mean"", ""value"": 2}",contradicted,"rmsd_mean: claimed 2, computed 2.87, tolerance 0.287",Frames 1-36 have an average RMSD of around 2 Å.
80,qc_gated,shuffle_frames,2,rmsd_max_1_to_36,numeric,"{""quantity"": ""rmsd_max"", ""value"": 2}",contradicted,"rmsd_max: claimed 2, computed 6.7, tolerance 0.67",Frames 1-36 have an average RMSD of around 2 Å.
81,qc_gated,shuffle_frames,3,2,numeric,"{""quantity"": ""rank_autocorrelation"", ""value"": -0.07}",unverifiable,unknown quantity 'rank_autocorrelation' or missing value,"Frame order reliability is questionable due to a low rank autocorrelation (rank autocorrelation -0.07), indicating that neighboring frames are not consistently different from each other, which suggests either scrambled frame orders or the system being fully decorrelated."
81,qc_gated,shuffle_frames,3,5,causal,{},unsupported_mechanism,causal claim with no cited computed evidence,"In conclusion, the analysis points to significant flexibility across different frames without clear signs of stability. The protein appears to have both stable and dynamic regions within its trajectory."
82,qc_gated,shuffle_frames,4,3,causal,{},unsupported_mechanism,causal claim with no cited computed evidence,The provided analysis focuses on overall structure stability and flexibility.
82,qc_gated,shuffle_frames,4,4,causal,"{""evidence"": [""hydrogen bond detection""]}",unverifiable,causal claim cites evidence; needs human review,"For detecting specific events like transient interactions or structural changes that might have occurred within the trajectory, additional tools such as hydrogen bond detection (using `hbonds` function) would be more appropriate."
83,table_only,rigid_jitter,0,rmsf_max,numeric,"{""quantity"": null, ""value"": 5.8}",unverifiable,unknown quantity None or missing value,The highest increase in RMSD is observed between frames 36-40 and then gradually increases until it stabilizes at over 5.8 units.
83,table_only,rigid_jitter,0,rmsf_mean,numeric,"{""quantity"": null, ""value"": 5.8}",unverifiable,unknown quantity None or missing value,The highest increase in RMSD is observed between frames 36-40 and then gradually increases until it stabilizes at over 5.8 units.
83,table_only,rigid_jitter,0,rmsf_max,numeric,"{""quantity"": null, ""value"": 5.8}",unverifiable,unknown quantity None or missing value,The highest increase in RMSD is observed between frames 36-40 and then gradually increases until it stabilizes at over 5.8 units.
83,table_only,rigid_jitter,0,peak_rmsf_126,causal,"{""evidence"": [""analysis of local flexibility""]}",unverifiable,causal claim cites evidence; needs human review,"The peak in RMSF at residue 126 suggests a localized, possibly transient, area of increased flexibility."
84,table_only,rigid_jitter,1,1,causal,"{""evidence"": []}",unsupported_mechanism,causal claim with no cited computed evidence,"The provided data does not directly show any structural stability or flexibility of the protein throughout the trajectory since it only presents RMSD (Root Mean Square Deviation) and RMSF (Root Mean Square Fluctuation) values for backbone atoms and Cα atoms, respectively."
84,table_only,rigid_jitter,1,2,numeric,"{""quantity"": ""rmsd_max"", ""value"": 6.83}",supported,"rmsd_max: claimed 6.83, computed 6.85, tolerance 0.685",The backbone RMSD plot indicates increasing deviations from an initial value of 0 at frame 0 up to a maximum deviation of about 6.83 Angstroms at frame 96.
84,table_only,rigid_jitter,1,3,numeric,"{""quantity"": ""rmsf_mean"", ""value"": 1.79}",supported,"rmsf_mean: claimed 1.79, computed 1.91, tolerance 0.191","The CA RMSF plot shows that residues with lower RMSF values (i.e., less fluctuation) are mainly in the range of 0.52 to 1.79 Angstroms, suggesting regions where the protein does not undergo significant conformational changes."
84,table_only,rigid_jitter,1,4,numeric,"{""quantity"": ""rmsf_mean"", ""value"": 0.52}",contradicted,"rmsf_mean: claimed 0.52, computed 1.91, tolerance 0.191","The CA RMSF plot shows that residues with lower RMSF values (i.e., less fluctuation) are mainly in the range of 0.52 to 1.79 Angstroms, suggesting regions where the protein does not undergo significant conformational changes."
84,table_only,rigid_jitter,1,5,numeric,"{""quantity"": ""rmsf_max"", ""value"": 4.44}",contradicted,"rmsf_max: claimed 4.44, computed 5.74, tolerance 0.574","There are also several outliers, such as residue 126 at frame 126 showing an extremely high fluctuation value of 4.44 Angstroms, which might represent some events or structural changes in that region during this simulation."
84,table_only,rigid_jitter,1,6,causal,"{""evidence"": []}",unsupported_mechanism,causal claim with no cited computed evidence,"Without additional context about what these frames represent (e.g., time steps, initialization states), it's not possible to definitively attribute such fluctuations to specific events or initial conditions."
85,table_only,rigid_jitter,2,rmsd_mean,numeric,"{""quantity"": ""rmsd_mean"", ""value"": 6.82}",contradicted,"rmsd_mean: claimed 6.82, computed 4.39, tolerance 0.439",The provided data shows that the protein's backbone RMSD (residue back bone) increases from 0 to approximately 6.82 Angstroms over a trajectory of 98 frames.
85,table_only,rigid_jitter,2,rmsf_max,numeric,"{""quantity"": ""rmsf_max"", ""value"": 4.5}",contradicted,"rmsf_max: claimed 4.5, computed 5.74, tolerance 0.574","The highest values are observed for residues with higher indices like 126 and 131 which have RMSF values close to 4 A and 4.5 A respectively, indicating substantial flexibility at these positions."
85,table_only,rigid_jitter,2,rg_mean,numeric,"{""quantity"": ""rg_mean"", ""value"": 18.27}",supported,"rg_mean: claimed 18.3, computed 18.3, tolerance 1.83","The Rg mean value of 18.27 Angstroms and standard deviation of 1.02 Angstroms suggest that over the course of the simulation, the protein's radius of gyration increases slightly."
86,table_only,rigid_jitter,3,ranking-rmsf,ranking,"{""quantity"": ""rmsf"", ""direction"": ""lowest"", ""k"": 2, ""residues"": [1, 6]}",contradicted,"1/2 claimed residues in computed top-2 [108, 6] (need 60%, window 0)","The residue-specific CA_RMSF_A values (which indicate flexibility based on Cα atoms) show significant variability across different residues, with some relatively stable regions like residues 1 and 6 around frame 40 showing an RmsD value of about 0.44 A and 0.94 A respectively."
86,table_only,rigid_jitter,3,causal,causal,"{""evidence"": [""conformational changes"", ""interactions with solvent/membrane""]}",unverifiable,causal claim cites evidence; needs human review,"This trajectory suggests that certain regions are more stable (as indicated by lower RMSD values), while other regions show significant flexibility or movement over time, particularly around frames 80-98 and 91-96, which could indicate events like conformational changes or interactions with solvent/membrane."
87,table_only,rigid_jitter,4,numeric-rmsd_max,numeric,"{""quantity"": ""rmsd_max"", ""value"": 6.82}",supported,"rmsd_max: claimed 6.82, computed 6.85, tolerance 0.685","The analysis shows that the protein's backbone RmsD (backbone_RMSD_A) increases significantly from frame 0 to frame 98, reaching a maximum of 6.82 Å at frame 98."
87,table_only,rigid_jitter,4,ranking-rmsf_mean,ranking,"{""quantity"": ""rmsf"", ""direction"": ""lowest"", ""k"": 1, ""residues"": [136]}",contradicted,"0/1 claimed residues in computed top-1 [108] (need 60%, window 0)","In this dataset, residues around 136 (with a value of 1.72) appear to be more rigid compared to other regions which show higher flexibility, particularly the region starting from residue 46 (up to residue 156)."
87,table_only,rigid_jitter,4,ranking-rmsf_max,ranking,"{""quantity"": ""rmsf"", ""direction"": ""highest"", ""k"": 1, ""residues"": [46, 156]}",contradicted,"0/2 claimed residues in computed top-1 [149] (need 60%, window 0)","In this dataset, residues around 136 (with a value of 1.72) appear to be more rigid compared to other regions which show higher flexibility, particularly the region starting from residue 46 (up to residue 156)."
87,table_only,rigid_jitter,4,temporal-rmsd_peak,temporal,"{""event"": ""rmsd_peak"", ""frame"": 98, ""physical"": true}",artifact_misread,claimed event at frame 98 lies in artifact frames (random rigid-body motion applied to every frame; trajectory is not fitted),"The analysis shows that the protein's backbone RmsD (backbone_RMSD_A) increases significantly from frame 0 to frame 98, reaching a maximum of 6.82 Å at frame 98."
87,table_only,rigid_jitter,4,causal,causal,"{""evidence"": []}",unsupported_mechanism,causal claim with no cited computed evidence,"In summary, this data supports a scenario where there is no clear indication of significant structural stability throughout the trajectory and indicates flexible regions predominantly concentrated around residues 136-156, with possibly other rigid regions."
88,tool_agent,rigid_jitter,0,1,numeric,"{""quantity"": ""rmsd_max"", ""value"": 0.465}",contradicted,"rmsd_max: claimed 0.465, computed 6.85, tolerance 0.685","The frame-to-frame RMSD analysis does not show any significant discontinuities or large jumps in atomic positions, indicating a relatively stable structure over time. The maximum difference observed is at frame 8 with an RMSD of approximately 0.465 Angstroms."
88,tool_agent,rigid_jitter,0,3,causal,{},unsupported_mechanism,causal claim with no cited computed evidence,"Unfortunately, no CA RMSF per residue data is provided."
90,tool_agent,rigid_jitter,2,4,numeric,"{""quantity"": null, ""value"": 2.5}",unverifiable,unknown quantity None or missing value,Highly Flexible Regions: Residues with RMSF values greater than about 2.5 (such as those near residues 168-174 and others) show relatively high flexibility throughout the trajectory.
90,tool_agent,rigid_jitter,2,5,numeric,"{""quantity"": null, ""value"": 1.0}",unverifiable,unknown quantity None or missing value,"Moderately Flexible Regions: Many regions have RMSF values between 1.0 and 2.5, suggesting moderate flexibility but not extreme mobility."
92,tool_agent,rigid_jitter,4,rmsf_residue_56,numeric,"{""quantity"": ""rmsf_mean"", ""value"": 3.94}",contradicted,"rmsf_mean: claimed 3.94, computed 1.91, tolerance 0.191",Residue 56 has a persistent RMSF value of approximately 3.94 Å.
92,tool_agent,rigid_jitter,4,rmsf_residues_10_and_12,numeric,"{""quantity"": ""rmsf_max"", ""value"": 4}",contradicted,"rmsf_max: claimed 4, computed 5.74, tolerance 0.574","Residues 10 and 12 have RMSF values over 4 Å at some points during the trajectory, indicating very high flexibility in these regions."
92,tool_agent,rigid_jitter,4,low_rmsf_regions,numeric,"{""quantity"": ""rmsf_mean"", ""value"": 1.5}",contradicted,"rmsf_mean: claimed 1.5, computed 1.91, tolerance 0.191",Regions with consistently low RMSF values (below 1.5 Å) suggest more stable parts of the protein structure.
93,qc_gated,rigid_jitter,0,1,causal,"{""evidence"": [""observations from the automated checks""]}",unverifiable,causal claim cites evidence; needs human review,The trajectory appears not to be centred or fitted based on the observations from the automated checks.
93,qc_gated,rigid_jitter,0,8,causal,"{""evidence"": [""dynamic conformation changes in the protein""]}",unverifiable,causal claim cites evidence; needs human review,Flexible regions might include parts of the protein shell or loops that move dynamically during the trajectory.
93,qc_gated,rigid_jitter,0,9,causal,"{""evidence"": [""observations from the automated checks""]}",unverifiable,causal claim cites evidence; needs human review,"The initial drift in RMSD suggests potential issues with the alignment of the molecular dynamics simulation starting points, such as centre or fitting problems."
94,qc_gated,rigid_jitter,1,1,numeric,"{""quantity"": ""rmsd_mean"", ""value"": 0.4}",contradicted,"rmsd_mean: claimed 0.4, computed 4.39, tolerance 0.439","The RMSD per frame to a reference frame is consistently around 0.4 Å throughout the trajectory, indicating that the protein structure remains relatively stable over time."
94,qc_gated,rigid_jitter,1,2,causal,"{""evidence"": []}",unsupported_mechanism,causal claim with no cited computed evidence,There does not appear to be any regions identified as highly flexible based on the persistent hydrogen bonds and contacts data provided.
95,qc_gated,rigid_jitter,2,4,causal,"{""evidence"": [""initial non-equilibrated state""]}",unverifiable,causal claim cites evidence; needs human review,"However, it is important to note that the initial period from frame 1-3 might not be equilibrated and could affect interpretations if used indiscriminately."
96,qc_gated,rigid_jitter,3,rmsd_mean,numeric,"{""quantity"": ""rmsd_mean"", ""value"": 0.45}",contradicted,"rmsd_mean: claimed 0.45, computed 4.39, tolerance 0.439",The RMSD values per frame are relatively stable and fluctuate around a mean value of approximately 0.45 Angstroms.
96,qc_gated,rigid_jitter,3,hbond_mean_count,numeric,"{""quantity"": ""hbond_mean_count"", ""value"": 470}",contradicted,"hbond_mean_count: claimed 470, computed 111, tolerance 11.1","In the hydrogen bond analysis, there are a total of 470 persistent pairs identified with an occupancy threshold over 50%."
96,qc_gated,rigid_jitter,3,contact_residues_23,causal,{},unsupported_mechanism,causal claim with no cited computed evidence,residues at index 23 and others have notably higher flexibility scores compared to the rest.
96,qc_gated,rigid_jitter,3,contact_residues_105_to_106,causal,{},unsupported_mechanism,causal claim with no cited computed evidence,Several interactions are noted involving residues from index 105 to 106.
